,Case,Planform,Span,Wing_Sweep,Wing_AR,Wing_dhl,Wing_TR,Wing_Twist,Mass,Power,PowerConstraint,AreaCoverage,Airspeed,CD,CL,L/D,AoA,Fuse_L,Fuse_D,Fuse_x,S_VTail,S_HorTail,S_VerTail,SM,cgx,RTG_h,n_RTG,Batt_h,PropulsionN,PropD,PropBlade,Check,TailCheck,Planet,mTotal,mRTG,mBattery,mPayload,mEmpty,mWing,mFuselage,mFC,mStabilizer,mProp,mAvionic,mInsulation,mRadiator,mHeater,mSpanels,mWingFold,Tail_type,Winglet,Wing_folding,Num_wing_fold,Season,t_mission,Sensor_Swath_width,Aeroshell_Diameter
0,1.0,1.247,4.333568967952397,0.0,15.06,2.64,0.35,0.0,70.68940325367349,3770.6912965406186,LowAcc,400000.0,244.65451879251236,0.02186852357943391,0.485534148240126,22.202420134880203,0.9945112943749216,1.8172176,0.54516528,0.07628836760194246,0.17709999999999998,0.149,0.0281,0.40609261730773555,0.07944511085629495,0.6665213999999999,1.0,0.0,2.0,0.0,3.0,Required airspeed too high,1,Mars,70.68940325367349,0.0,0.0,52.254400000000004,18.43500325367349,7.3677831591898535,3.0648505060287365,0.07759659903514449,0.864677675756627,0.0,7.060095313663126,0.0,0.0,0.0,0.0,0.0,V-tail,no,yes,0.0,summer,0.005180871045493031,10.0,4.5
