,Case,Planform,Span,Wing_Sweep,Wing_AR,Wing_dhl,Wing_TR,Wing_Twist,Mass,Power,PowerConstraint,AtmPassDeltaH,GroundTime,GndAreaFrac,CD,CL,Fuse_L,Fuse_D,Fuse_x,S_Vtail,cgx,RTG_h,Batt_h,PropD,PropBlade,Check,TailCheck,Planet,mTotal,mRTG,mBattery,mPayload,mEmpty,mWing,mFuselage,mFC,mStabilizer,mProp,mAvionic,mInsulation,mRadiator,mHeater,mSpanels,lb
0,1.0,0.2644137582298298,0.5142117834412488,0.0,1.0,1.4380748663101606,0.35,0.0,391.0855017515968,3416.33140209931,LowAcc,75.0,41875.21381208429,41875.21381208429,0.6070156435132461,1.5,31.318619321320803,0.5,0.08760402560279268,0.0169834302736276,0.0879882812721519,0.0,31.318619321320803,0.9013138641138556,4.0,Fuselage too big,1,Earth,391.0855017515968,0.0,122.987930475546,52.254400000000004,338.83110175159675,0.5563939374993022,93.54712543043512,23.97790832458349,0.24876103357495843,2.142585749934349,39.101409000754174,0.0,0.0,0.0,56.268987799269404,0.27
1,2.0,1.0576550329193193,3.708033903290415,0.0,13.0,2.872684491978609,0.35,0.0,274.4856847163037,2072.644524955672,LowAcc,75.0,41875.21381208429,41875.21381208429,0.09136048439785016,1.5,19.000605393373274,0.5,0.17776098024979398,0.21768934267113532,0.17745310302002879,0.0,19.000605393373274,0.6998195927753992,4.0,Fuselage too big,1,Earth,274.4856847163037,0.0,74.6152028969751,52.254400000000004,222.2312847163037,10.370821774316378,54.300712810126505,17.447589302312462,2.4890171587764103,1.4288308033453487,27.44143544242367,0.0,0.0,0.0,34.13767452802782,0.27
