,Case,Planform,Span,Wing_Sweep,Wing_AR,Wing_dhl,Wing_TR,Wing_Twist,Mass,Power,PowerConstraint,AreaCoverage,Airspeed,CD,CL,L/D,AoA,Fuse_L,Fuse_D,Fuse_x,S_Vtail,SM,cgx,RTG_h,n_RTG,Batt_h,PropulsionN,PropD,PropBlade,Check,TailCheck,Planet,mTotal,mRTG,mBattery,mPayload,mEmpty,mWing,mFuselage,mFC,mStabilizer,mProp,mAvionic,mInsulation,mRadiator,mHeater,mSpanels,Tail_type,Winglet,Wing_folding,Num_wing_fold
0,433.0,1.010282133,2.9203252247205818,0.0,8.441502764,1.781274005,0.35,0.0,191.99102415162156,438.5050561508727,LowAcc,5530925.661863326,17.526445806599128,0.01970210458769442,0.3132679567339404,15.90022808678023,0.2718507234896111,2.7095702883685986,0.7260343455425468,0.11218949505949131,0.18658926399999998,0.18187668107210334,0.11439883972061779,2.7095702883685986,3.0,0.0,3.0,0.33358060621020996,3.0,1,1,Titan,191.99102415162156,100.80807712613787,0.0,52.254400000000004,139.73662415162156,9.23928228732035,9.017767229851808,0.12339371485526175,0.9110083067005063,0.4168803215788628,19.18930098372137,0.016330617015176525,0.0,0.014583564440330758,0.0,V-tail,yes,yes,0.0
1,434.0,1.104007697,3.4365317590479654,0.0,10.69716322,2.332735331,0.35,0.0,148.27311292859414,262.8513874929639,LowAcc,4470854.8934274465,14.167284246670997,0.018639830286516938,0.3388305177956463,18.177768390988962,0.33373430972186385,2.3682118405313517,0.7104635521594055,0.05963480484927351,0.09807121199999999,0.14921893996545943,0.06468138235023463,1.7656311635875435,2.0,0.0,4.0,0.253621287881523,3.0,1,1,Titan,148.27311292859414,61.02188886051645,0.0,52.254400000000004,96.01871292859414,7.628920295118964,6.990719542716958,0.08668507042369328,0.4788254525736614,0.2755445794454223,14.820829318132148,4.700716245226519,0.0,0.014583564440330758,0.0,V-tail,no,yes,0.0
