,Case,Planform,Span,Wing_Sweep,Wing_AR,Wing_dhl,Wing_TR,Wing_Twist,Mass,Power,PowerConstraint,AtmPassDeltaH,GroundTime,GndAreaFrac,CD,CL,L/D,Fuse_L,Fuse_D,Fuse_x,S_Vtail,SM,cgx,RTG_h,n_RTG,Batt_h,PropD,PropBlade,Check,TailCheck,Planet,mTotal,mRTG,mBattery,mPayload,mEmpty,mWing,mFuselage,mFC,mStabilizer,mProp,mAvionic,mInsulation,mRadiator,mHeater,mSpanels,lb,Tail_type
0,1.0,0.2605740968501802,1.1414335216082017,0.0,5.0,1.4380748663101606,0.35,0.0,121.88418166564904,87.27890716554239,LowAcc,45.0,119068.04349397456,119068.04349397456,0.007984552396965645,0.1739,21.779555240452414,2.2107898351934123,0.6632369505580237,0.05552345769305905,0.0189316975992143,0.06999986449384528,0.05613835035514107,0.821019175704175,1.0,0.0,0.13136823847261062,3.0,1,1,Titan,121.88418166564904,121.88418166564904,121.88418166564904,121.88418166564904,121.88418166564904,121.88418166564904,121.88418166564904,121.88418166564904,121.88418166564904,121.88418166564904,121.88418166564904,121.88418166564904,121.88418166564904,121.88418166564904,121.88418166564904,0.27,V-tail
2,3.0,0.2605740968501802,1.1414335216082017,0.0,5.0,1.4380748663101606,0.35,0.0,121.88418166564904,87.27890716554239,LowAcc,45.0,119068.04349397456,119068.04349397456,0.007984552396965645,0.1739,21.779555240452414,2.2107898351934123,0.6632369505580237,0.05552347358064407,0.0189316975992143,0.07000010222394126,0.05613836613101848,0.821019175704175,1.0,0.0,0.13136823847261062,3.0,1,1,Titan,121.88418166564904,121.88418166564904,121.88418166564904,121.88418166564904,121.88418166564904,121.88418166564904,121.88418166564904,121.88418166564904,121.88418166564904,121.88418166564904,121.88418166564904,121.88418166564904,121.88418166564904,121.88418166564904,121.88418166564904,0.27,V-tail
