,Case,Planform,Span,Wing_Sweep,Wing_AR,Wing_dhl,Wing_TR,Wing_Twist,Mass,Power,PowerConstraint,AtmPassDeltaH,GroundTime,GndAreaFrac,CD,CL,L/D,Fuse_L,Fuse_D,Fuse_x,S_Vtail,SM,cgx,RTG_h,n_RTG,Batt_h,PropD,PropBlade,Check,TailCheck,Planet,mTotal,mRTG,mBattery,mPayload,mEmpty,mWing,mFuselage,mFC,mStabilizer,mProp,mAvionic,mInsulation,mRadiator,mHeater,mSpanels,lb,Tail_type,Winglet,Wing_folding
0,8.0,1.6270205467239716,4.152880662296245,0.0,10.6,2.107559358288769,0.35,0.0,179.8504247436831,415.8151777883028,LowAcc,45.0,119068.04349397456,119068.04349397456,0.024357318393272986,0.28558,11.724607585655718,2.674071643892061,0.7169913151239607,0.07202953488288005,0.0899286583306887,0.14973841776374006,0.07298233965604015,2.674071643892061,3.0,0.0,0.32445024755522794,3.0,1,1,Titan,179.8504247436831,179.8504247436831,179.8504247436831,179.8504247436831,179.8504247436831,179.8504247436831,179.8504247436831,179.8504247436831,179.8504247436831,179.8504247436831,179.8504247436831,179.8504247436831,179.8504247436831,179.8504247436831,179.8504247436831,0.27,V-tail,yes,yes
