{"AOA": [-10, -9, -8, -7, -6, -5, -4, -3, -2, -1, 0, 1, 2, 3, 4, 5, 6, 7, 8, 9, 10, 11, 12, 13, 14, 15, 16, 17, 18, 19], "CL": [0.02067, 0.01603, 0.01197, 0.00849, 0.0056, 0.00332, 0.00165, 0.0006, 0.00018, 0.00038, 0.00121, 0.00267, 0.00475, 0.00744, 0.01075, 0.01466, 0.01916, 0.02423, 0.02988, 0.03607, 0.04279, 0.05002, 0.05774, 0.06593, 0.07456, 0.08361, 0.09305, 0.10286, 0.11299, 0.12344], "CD": [0.02067, 0.01603, 0.01197, 0.00849, 0.0056, 0.00332, 0.00165, 0.0006, 0.00018, 0.00038, 0.00121, 0.00267, 0.00475, 0.00744, 0.01075, 0.01466, 0.01916, 0.02423, 0.02988, 0.03607, 0.04279, 0.05002, 0.05774, 0.06593, 0.07456, 0.08361, 0.09305, 0.10286, 0.11299, 0.12344]}