{"AOA": [-10, -9, -8, -7, -6, -5, -4, -3, -2, -1, 0, 1, 2, 3, 4, 5, 6, 7, 8, 9, 10, 11, 12, 13, 14, 15, 16, 17, 18, 19], "CLa": [5.01004, 5.037044, 5.060787, 5.081229, 5.09833, 5.112056, 5.122381, 5.129285, 5.132756, 5.132781, 5.129361, 5.122501, 5.11221, 5.098501, 5.081406, 5.060945, 5.037156, 5.010081, 4.979766, 4.946262, 4.909626, 4.869923, 4.827223, 4.781595, 4.73312, 4.681881, 4.627966, 4.571466, 4.512477, 4.451097], "CLq": [7.674523, 7.689297, 7.702707, 7.714739, 7.725379, 7.734612, 7.742428, 7.748817, 7.753772, 7.757286, 7.759355, 7.759976, 7.759151, 7.756876, 7.753157, 7.748, 7.741407, 7.733391, 7.723958, 7.71312, 7.700891, 7.687287, 7.672323, 7.656017, 7.638389, 7.619462, 7.599258, 7.577802, 7.55512, 7.531237], "CLde": [0.005055, 0.005095, 0.005131, 0.005162, 0.00519, 0.005214, 0.005234, 0.00525, 0.005261, 0.005269, 0.005272, 0.005271, 0.005266, 0.005257, 0.005244, 0.005226, 0.005205, 0.005179, 0.00515, 0.005116, 0.005079, 0.005038, 0.004993, 0.004944, 0.004892, 0.004837, 0.004778, 0.004716, 0.004651, 0.004583], "CYb": [-0.193728, -0.194815, -0.195842, -0.196809, -0.197716, -0.198563, -0.19935, -0.200076, -0.200741, -0.201345, -0.201887, -0.202368, -0.202788, -0.203145, -0.203441, -0.203675, -0.203847, -0.203956, -0.204004, -0.203989, -0.203912, -0.203773, -0.203573, -0.20331, -0.202985, -0.202598, -0.202149, -0.201639, -0.201068, -0.200435], "CYp": [-0.144776, -0.127919, -0.11087, -0.09365, -0.076281, -0.058782, -0.041176, -0.023484, -0.005728, 0.012071, 0.029892, 0.047711, 0.065509, 0.083262, 0.10095, 0.118551, 0.136043, 0.153405, 0.170616, 0.187656, 0.204502, 0.221135, 0.237534, 0.25368, 0.269553, 0.285133, 0.300401, 0.31534, 0.32993, 0.344154], "CYr": [0.120539, 0.126326, 0.131521, 0.136118, 0.140111, 0.143495, 0.146267, 0.148423, 0.149959, 0.150876, 0.15117, 0.150842, 0.149893, 0.148323, 0.146135, 0.14333, 0.139913, 0.135888, 0.131259, 0.126032, 0.120214, 0.113811, 0.106832, 0.099285, 0.091178, 0.082523, 0.07333, 0.063609, 0.053372, 0.042633], "CYdr": [0.002462, 0.002482, 0.0025, 0.002517, 0.002532, 0.002546, 0.002558, 0.002569, 0.002578, 0.002586, 0.002592, 0.002596, 0.002599, 0.0026, 0.0026, 0.002598, 0.002594, 0.002589, 0.002583, 0.002574, 0.002565, 0.002553, 0.00254, 0.002526, 0.00251, 0.002493, 0.002474, 0.002454, 0.002432, 0.002409], "Clb": [0.043158, 0.03717, 0.03113, 0.025046, 0.018924, 0.012772, 0.006597, 0.000408, -0.005789, -0.011986, -0.018175, -0.024348, -0.030499, -0.03662, -0.042702, -0.04874, -0.054725, -0.060651, -0.066509, -0.072293, -0.077996, -0.083611, -0.089131, -0.094549, -0.099859, -0.105054, -0.110128, -0.115075, -0.119888, -0.124562], "Clp": [-1.174341, -1.179751, -1.184488, -1.188546, -1.191918, -1.1946, -1.196585, -1.197872, -1.198459, -1.198345, -1.19753, -1.196016, -1.193804, -1.1909, -1.187307, -1.183032, -1.178082, -1.172464, -1.166188, -1.159265, -1.151704, -1.143519, -1.134723, -1.125328, -1.115351, -1.104807, -1.093712, -1.082084, -1.069941, -1.0573], "Clr": [-0.334334, -0.291665, -0.248783, -0.205719, -0.162502, -0.119162, -0.07573, -0.032237, 0.011287, 0.054811, 0.098304, 0.141735, 0.185074, 0.22829, 0.271352, 0.314231, 0.356896, 0.39932, 0.441472, 0.483324, 0.524849, 0.566019, 0.606808, 0.647189, 0.687138, 0.72663, 0.765641, 0.80415, 0.842133, 0.87957], "Clda": [-0.003536, -0.003553, -0.003568, -0.003581, -0.003591, -0.0036, -0.003606, -0.00361, -0.003612, -0.003612, -0.003609, -0.003605, -0.003598, -0.003589, -0.003578, -0.003564, -0.003549, -0.003531, -0.003511, -0.003489, -0.003465, -0.003439, -0.003412, -0.003382, -0.00335, -0.003316, -0.003281, -0.003243, -0.003204, -0.003163], "Cldr": [0.000124, 0.000124, 0.000124, 0.000123, 0.000123, 0.000122, 0.000121, 0.00012, 0.00012, 0.000119, 0.000118, 0.000117, 0.000116, 0.000114, 0.000113, 0.000112, 0.00011, 0.000109, 0.000107, 0.000106, 0.000104, 0.000102, 0.000101, 9.9e-05, 9.7e-05, 9.5e-05, 9.3e-05, 9.1e-05, 8.9e-05, 8.7e-05], "Cma": [-0.69945, -0.707159, -0.714006, -0.719984, -0.725085, -0.729302, -0.73263, -0.735066, -0.736607, -0.73725, -0.736994, -0.735841, -0.733792, -0.730848, -0.727014, -0.722294, -0.716694, -0.710221, -0.702883, -0.694688, -0.685647, -0.675771, -0.665071, -0.653561, -0.641255, -0.628167, -0.614314, -0.599713, -0.584381, -0.568337], "Cmq": [-8.335105, -8.363846, -8.390041, -8.413679, -8.434753, -8.453259, -8.469191, -8.482541, -8.493309, -8.501488, -8.507081, -8.510078, -8.510486, -8.508299, -8.503522, -8.496157, -8.486199, -8.47366, -8.458537, -8.440842, -8.420571, -8.397737, -8.372344, -8.344402, -8.313916, -8.2809, -8.245361, -8.207311, -8.166759, -8.12372], "Cmde": [-0.014721, -0.014811, -0.014893, -0.014966, -0.01503, -0.015085, -0.015131, -0.015168, -0.015195, -0.015213, -0.015222, -0.015222, -0.015212, -0.015194, -0.015165, -0.015128, -0.015082, -0.015026, -0.014962, -0.014888, -0.014806, -0.014715, -0.014615, -0.014506, -0.01439, -0.014265, -0.014132, -0.01399, -0.013842, -0.013685], "Cnb": [0.074006, 0.072407, 0.071017, 0.069839, 0.068875, 0.068124, 0.067589, 0.06727, 0.067166, 0.06728, 0.067609, 0.068154, 0.068914, 0.069889, 0.071076, 0.072475, 0.074084, 0.075901, 0.077923, 0.080149, 0.082575, 0.085198, 0.088016, 0.091025, 0.094222, 0.097601, 0.10116, 0.104894, 0.108798, 0.112868], "Cnp": [0.110358, 0.096097, 0.08193, 0.067845, 0.05383, 0.039872, 0.025957, 0.012073, -0.001794, -0.015658, -0.029531, -0.043426, -0.057358, -0.071339, -0.085382, -0.0995, -0.113705, -0.128009, -0.142423, -0.15696, -0.171629, -0.18644, -0.201404, -0.216529, -0.231823, -0.247294, -0.262949, -0.278794, -0.294834, -0.311073], "Cnr": [-0.058161, -0.056136, -0.054407, -0.05298, -0.051861, -0.051054, -0.050563, -0.05039, -0.050538, -0.051006, -0.051795, -0.052902, -0.054326, -0.056062, -0.058107, -0.060455, -0.0631, -0.066034, -0.069248, -0.072734, -0.076482, -0.08048, -0.084717, -0.08918, -0.093856, -0.098731, -0.10379, -0.109017, -0.114397, -0.119913], "Cnda": [0.000164, 0.00015, 0.000135, 0.00012, 0.000104, 8.9e-05, 7.4e-05, 5.9e-05, 4.3e-05, 2.8e-05, 1.2e-05, -3e-06, -1.8e-05, -3.4e-05, -4.9e-05, -6.4e-05, -7.9e-05, -9.4e-05, -0.000109, -0.000123, -0.000137, -0.000152, -0.000166, -0.000179, -0.000193, -0.000206, -0.000219, -0.000231, -0.000243, -0.000255], "Cndr": [-0.000892, -0.000899, -0.000905, -0.000911, -0.000917, -0.000922, -0.000926, -0.00093, -0.000933, -0.000936, -0.000938, -0.000939, -0.00094, -0.000941, -0.000941, -0.00094, -0.000938, -0.000937, -0.000934, -0.000931, -0.000927, -0.000923, -0.000919, -0.000913, -0.000907, -0.000901, -0.000894, -0.000887, -0.000879, -0.000871]}